Platform,Organization,Space,"App Name","Build Pack","Build Pack Version",SDK,"Spring Boot",Angular,React,Dependencies
vp01,org_1,prod,"535bfc65-a61b-4298-9907-3ab623fdf894",python,1.7.39,,,,,
vp01,org_2,iso,"06d30f59-8b70-4f13-ae0a-f34b0bdd7f7f",java,4.63.0,1.8.0_392,2.2.0.RELEASE,,,
vp01,org_3,prod,"0ee396d7-f779-40e3-a81e-5b24dd8a0055",java,4.74.0,17.0.13,3.1.5,,,
vp01,org_4,iso,"da7a3b33-d8f2-44af-97e4-b893a1dfef45",dotnet-core,8.0.303,net6.0,,,,
vp01,org_4,iso,"0ca6530a-6613-4471-8a19-14dc002978d0",dotnet-core,8.0.303,net6.0,,,,
vp01,org_4,iso,"56781b1b-5da5-4878-a5ef-c030fd457fe5",nginx,1.2.19,,,,,
vp01,org_4,iso,"d2bba1ec-ebe2-40ab-baa9-bb5ec03f3790",nginx,1.2.16,,,,,
vp01,org_5,iso,"f00c9229-b84d-420e-9119-b07dd7cdda43",nodejs,1.7.8,,,,,
vp01,org_5,iso,"9acd24f9-9744-4206-aac7-4033aa8ea279",java,4.74.0,1.8.0_432,2.3.4.RELEASE,,,
vp01,org_5,iso,"44b4e1da-4439-4eeb-8544-1e43eecd0e77",java,4.61.0,1.8.0_392,2.6.7,,,
vp01,org_5,prod,"f00c9229-b84d-420e-9119-b07dd7cdda43",nodejs,1.7.8,,,,,
vp01,org_5,prod,"a02f3a9b-f9be-431e-9432-235fb34c81e5",nodejs,1.7.12,,,,,
vp01,org_5,prod,"af61252b-2bbd-424b-84cc-887f8a1adc57",python,1.8.29,3.12.x,,,,
vp01,org_5,prod,"e0f4cc16-16c4-4e93-ac18-6f6ca9b42e5d",python,1.8.29,3.12.x,,,,
vp01,org_5,prod,"f1ddc887-8483-459d-b00a-ada608a7e3ea",python,1.8.29,3.12.x,,,,
vp01,org_5,prod,"4167606c-274a-4c55-be6a-31fd18886549",python,1.8.29,3.12.x,,,,
vp01,org_5,prod,"59754aa7-296e-4ddd-85ae-45dc042335e5",python,1.8.29,3.12.x,,,,
vp01,org_5,prod,"6d22e59f-a13f-4dc9-9c67-a4b89ed44c1a",python,1.8.29,3.12.x,,,,
vp01,org_5,prod,"71dbbba0-b1f2-4d86-9c0e-13fcb250dfc3",binary,1.0.39,,,,,
vp01,org_5,prod,"04889bf2-1436-4fad-b55c-020242889391",python,1.8.29,3.12.x,,,,
vp01,org_5,prod,"ec7f0410-a77d-4d7c-af05-f6ad6fae2c8c",python,1.8.29,3.12.x,,,,
vp01,org_5,prod,"435fd1d9-9f53-454f-9425-a7978ec85488",binary,1.0.39,,,,,
vp01,org_5,prod,"e9da4eda-2ee4-49a5-a9f7-10c27ed16758",python,1.7.24,3.6.11,,,,
vp01,org_5,prod,"0cec20e8-2292-458d-8595-e5e5cf0743f2",binary,1.1.13,,,,,
vp01,org_5,prod,"ae9e2206-6a4b-4019-abab-eea22fee30ea",python,1.8.28,3.8.x,,,,
vp01,org_5,prod,"1f9abfbb-3563-48a7-97e1-ad7768a71923",binary,1.0.42,,,,,
vp01,org_5,prod,"d36f524d-ddb5-4841-877b-1158ebabda28",python,1.7.49,3.6.x,,,,
vp01,org_5,prod,"06da4676-fcac-49e7-8ff6-37c5edf19e1b",nodejs,1.8.29,,,,,
vp01,org_5,prod,"056ab248-1be1-428c-9839-59e5ddc980f5",nodejs,1.8.27,18.20.3,,,,
vp01,org_5,prod,"bb7ab6dd-25ce-49db-bf53-a88fec5af6e1",go,1.9.17,1.13.15,,,,
vp01,org_5,prod,"65ce0623-c7ce-4fe7-a374-d28f7ee278a7",go,1.9.17,1.13.15,,,,
vp01,org_5,prod,"7522f18d-d670-4e7d-8d68-bfcf517f64ec",go,1.9.17,1.13.15,,,,
vp01,org_5,prod,"111cfe09-ef6d-4f46-9afc-a1814329f523",java,4.32.1,1.8.0_265,,,,
vp01,org_5,prod,"19319a5c-5504-41fc-afd5-af2ac969ab33",java,4.34,1.8.0_275,,,,
vp01,org_5,prod,"69756706-d1b8-471b-b54e-b7c94fb8eb8b",dotnet-core,3.1.201,netcoreapp3.1,,,,
vp01,org_5,prod,"e66dcefc-f422-4f32-b450-ac08299ff2e4",dotnet-core,3.1.201,netcoreapp3.1,,,,
vp01,org_5,prod,"cc73e1aa-eb49-43cf-8430-5516b885387a",binary,1.0.36,,,,,
vp01,org_5,prod,"3309a250-0053-47f1-b761-7f9647645ea1",nodejs,1.8.11,16.19.1,,,,
vp01,org_5,prod,"5abc1087-bc8d-4f23-b889-81e82afbe76e",java,4.61.0,1.8.0_392,2.6.7,,,
vp01,org_5,prod,"0a1f617c-c28a-496a-95fe-bda4770082b7",binary,1.0.36,,,,,
vp01,org_5,prod,"69a1a57d-6e67-4c77-9564-6cad43d5150f",binary,1.0.36,,,,,
vp01,org_5,prod,"fa880d97-3f99-43ff-916a-c762d71d16aa",java,4.63.1,1.8.0_392,,,,
vp01,org_5,prod,"85a6bdd9-d104-418e-b3c7-b6343742a13a",java,4.62.0,1.8.0_382,,,,
vp01,org_5,prod,"e4b72ed5-6db6-436e-936b-213b248583d5",java,4.62.0,1.8.0_382,,,,
vp01,org_5,prod,"9018116d-eb52-4d99-a846-1fc071131d92",java,4.62.0,1.8.0_382,,,,
vp01,org_5,prod,"98e31269-e0b6-4320-85d9-0ba6ac3688fa",java,4.62.0,1.8.0_382,,,,
vp01,org_5,prod,"711d5b9a-9f55-4450-a5ea-fc6abcdd51a6",java,4.62.0,1.8.0_382,,,,
vp01,org_5,prod,"1f524e93-070a-4333-9c1c-fd8c2e8f786a",python,1.7.22,3.6.11,,,,
vp01,org_5,prod,"0d34cbac-cc06-419c-91e7-9b7b2c7b6cff",binary,1.1.10,,,,,
vp01,org_5,prod,"baef8d8c-da12-4e65-b2b5-86b423387794",binary,1.0.36,,,,,
vp01,org_5,prod,"1b604412-5796-47be-ba66-966f8284950b",binary,1.0.38,,,,,
vp01,org_5,prod,"0316efca-00de-43ea-b387-85a423ba77d9",python,1.7.7,,,,,
vp01,org_5,prod,"f367e066-3678-474b-b413-1ebb4e742cf2",java,4.73.0,17.0.12,3.0.10,,,
vp01,org_5,prod,"d0a0314e-ce62-41b0-aebe-8be8a8246b99",java,4.74.0,17.0.13,3.0.10,,,
vp01,org_5,prod,"24383ad0-d854-4380-a4c9-ca669ae9d8c6",java,4.74.0,17.0.13,2.6.6,,,
vp01,org_5,prod,"4e3d9236-51c2-4f5d-a40f-3c3ab3cd9ebc",java,4.73.0,17.0.12,3.0.10,,,
vp01,org_5,prod,"1dee1007-b133-46d5-a9b2-f13d18c60d49",java,4.73.0,17.0.12,3.0.10,,,
vp01,org_5,prod,"212262ed-31af-432d-b74e-962a0ed9995d",java,4.73.0,17.0.12,3.0.10,,,
vp01,org_5,prod,"14bb65d9-e162-41c4-b382-4526bb24a718",java,4.73.0,17.0.12,3.0.10,,,
vp01,org_5,prod,"c52ce4bb-55a6-41b1-b976-a2fa2b1b732a",java,4.73.0,17.0.12,3.0.10,,,
vp01,org_5,prod,"bb4797d6-c3d0-4126-bbe3-2f6dd47c215c",java,4.73.0,17.0.12,3.0.10,,,
vp01,org_5,prod,"c11d9df9-a71b-4c07-9ff3-0b77e8e96292",java,4.73.0,17.0.12,3.0.10,,,
vp01,org_5,prod,"e99be5f7-52a8-4c4c-9cff-c960c238310d",java,4.73.0,17.0.12,3.0.10,,,
vp01,org_5,prod,"ffcab365-9b3d-45bc-9119-4f9e582c87a4",java,4.73.0,17.0.12,3.0.10,,,
vp01,org_5,prod,"f7d1f40f-0025-42ee-9611-c88639392676",java,4.73.0,17.0.12,3.0.10,,,
vp01,org_5,prod,"c0e3c880-7ff3-4047-863d-70ac050c25d7",java,4.73.0,17.0.12,3.0.10,,,
vp01,org_5,prod,"0527c17d-f852-4bfc-ba52-0d4fe0246246",java,4.73.0,17.0.12,3.0.10,,,
vp01,org_5,prod,"ac3577d4-3297-4196-9cf4-23dee0e58417",java,4.73.0,17.0.12,3.0.10,,,
vp01,org_5,prod,"d1163839-3acb-4a16-8037-017d7015cf31",java,4.73.0,17.0.12,3.0.10,,,
vp01,org_5,prod,"b3e2982c-e7d3-4cd3-9b35-b89b336d4600",java,4.73.0,17.0.12,3.0.10,,,
vp01,org_5,prod,"fc96e2e8-fdee-42f0-9ab6-2493f23e5a3b",java,4.73.0,17.0.12,3.0.10,,,
vp01,org_5,prod,"ec363a4c-2cf6-45cb-a28b-89597dce211a",java,4.74.0,17.0.13,3.0.10,,,
vp01,org_5,prod,"e45ffb0b-4d6c-4037-b0e7-d6499c1b1972",java,4.73.0,17.0.12,3.0.10,,,
vp01,org_5,prod,"52a8f853-3cf3-4582-a701-93df8bbeafc7",java,4.73.0,17.0.12,3.0.10,,,
vp01,org_5,prod,"b7f4c38e-508f-42a0-8037-c6775c1c1182",java,4.73.0,17.0.12,3.0.10,,,
vp01,org_5,prod,"5ef1ecbb-2a39-4cd8-b50d-ef106bf9af3a",java,4.73.0,17.0.12,3.0.10,,,
vp01,org_5,prod,"dcec2e34-88d3-4178-91f4-3fb9f14f42cd",java,4.73.0,17.0.12,3.0.10,,,
vp01,org_5,prod,"ff6e1079-374c-466a-9bfb-1a55c4a2242c",java,4.73.0,17.0.12,3.0.10,,,
vp01,org_5,prod,"29db5d78-5926-4604-a20d-a20a67ba15ed",java,4.73.0,17.0.12,3.0.10,,,
vp01,org_5,prod,"1801e76a-0007-42f7-9044-b0045899a438",java,4.73.0,17.0.12,3.0.10,,,
vp01,org_5,prod,"6a588c12-2e9f-4ec7-baea-1411f85a3449",python,1.7.5,,,,,
vp01,org_5,prod,"11c11a6b-c280-48e2-a6fd-da6aac9f2054",python,1.7.5,3.6.x,,,,
vp01,org_5,prod,"d6894e31-ff5f-4f71-aae1-263451b2903e",binary,1.0.42,,,,,
vp01,org_5,prod,"dca5e5a2-3038-4a68-9147-4c7543a0a344",nodejs,1.8.27,,,,,
vp01,org_5,prod,"2f3d2f09-2692-45fe-b406-0a2500d438c2",python,1.7.5,,,,,
vp01,org_5,prod,"5663dd97-795c-44b0-a390-29bb1832cab8",python,1.7.5,,,,,
vp01,org_5,prod,"99c28fc7-b41b-4a45-949b-999083c73af0",java,4.32.1,11.0.8,2.3.4.RELEASE,,,
vp01,org_5,prod,"a79bb1c8-b75b-4b53-a149-e3a3eaae2d1f",binary,1.0.38,,,,,
vp01,org_6,"credhub-service-broker-space","072db948-ef19-4f28-9657-08731a2da622",binary,1.1.10,,,,,
vp01,org_7,iso,"d06b4de3-5c6f-4a69-8f14-ffbf40dbb21f",java,4.67.1,17.0.10,2.3.3.RELEASE,,,
vp01,org_7,iso,"07d74c75-737e-439a-acb2-1086bced6675",java,4.61.0,1.8.0_382,2.3.3.RELEASE,,,
vp01,org_7,iso,"83684844-7080-4dc8-9fac-8a63301683a4",java,4.73.0,17.0.12,2.6.3,,,
vp01,org_7,iso,"a943cb93-cc13-4b6c-bb72-a796b00867e3",java,4.73.0,17.0.12,2.6.3,,,
vp01,org_7,iso,"e50d5770-d864-450e-8d7c-b704b355ab0c",java,4.74.0,17.0.13,3.2.1,,,
vp01,org_7,iso,"cd3a5d9a-bd6d-4876-bcda-e4d3efc660b0",java,4.73.0,17.0.12,3.2.1,,,
vp01,org_7,iso,"2defadfd-0c92-475f-8319-0a7a0503209d",staticfile,1.6.11,,,,,
vp01,org_7,iso,"601cd0b6-6bf9-44f5-a25e-623e4d4e7015",staticfile,1.6.11,,,,,
vp01,org_7,iso,"994dfca2-a752-40e4-b2d9-b78e9f6450d6",nodejs,1.8.15,16.20.1,,,,
vp01,org_7,iso,"24e0c411-8077-48e1-8e33-927b85a9ee87",nodejs,1.8.15,16.20.1,,,,
vp01,org_7,iso,"fbfa677a-d7eb-45f9-b17a-5f7cae4cc45f",nodejs,1.8.15,16.20.1,,,,
vp01,org_7,prod,"02ae1e9e-420f-48ab-ac81-d22a43155e07",java,4.73.0,17.0.12,3.2.1,,,
vp01,org_7,prod,"7d1c8013-585b-45d6-ba04-3f9be9c93210",java,4.74.0,17.0.13,3.2.1,,,
vp01,org_7,prod,"e965f28e-292e-4e1b-8299-bcc197fa8635",java,4.74.0,17.0.13,2.6.3,,,
vp01,org_7,prod,"3a1653d0-cd94-4086-97f0-1bd222df6064",java,4.74.0,17.0.13,2.6.3,,,
vp01,org_7,prod,"af5cf46d-3292-4aa7-8db0-1f92a7a7b76c",binary,1.1.13,,,,,
vp01,org_7,prod,"b8db3c80-610f-4992-9a56-0134619b1930",java,4.36,11.0.10,2.4.2,,,
vp01,org_7,prod,"aea1f82f-6c51-409b-99fe-7ade283f23a3",java,4.73.0,17.0.12,3.2.1,,,
vp01,org_7,prod,"438b9fff-4fcf-44b1-9e18-c0735b4fc894",java,4.74.0,17.0.13,3.2.1,,,
vp01,org_7,prod,"8237bd41-9d66-45ae-b052-1fec2f4fa217",java,4.74.0,17.0.13,3.2.1,,,
vp01,org_7,prod,"f5dccfd6-24b4-4a26-a16e-7d165925111c",java,4.74.0,17.0.13,3.2.1,,,
vp01,org_7,prod,"3e6d0ee2-3e18-45fa-8814-843ed89ada3a",java,4.74.0,17.0.13,3.2.1,,,
vp01,org_7,prod,"d0ccc894-e150-412a-834d-2dbe470b2745",java,4.74.0,17.0.13,3.2.1,,,
vp01,org_7,prod,"153f95c4-c544-4b13-973f-76a380cc2c6b",java,4.74.0,17.0.13,3.2.1,,,
vp01,org_7,prod,"19cd9419-17bc-44d2-ab71-7b37fbbe4157",nodejs,1.6.11,20.6.0,,,,
vp01,org_7,prod,"cc1aa8ee-0b0e-4193-877e-de66038ba300",java,4.73.0,17.0.12,3.3.1,,,
vp01,org_7,prod,"8fb9854b-c493-4e07-be95-cef3c6793538",java,4.74.0,21.0.5,3.3.3,,,
vp01,org_7,prod,"c4a54bb1-10eb-41d2-a670-64f14954dc84",java,4.74.0,21.0.5,3.3.3,,,
vp01,org_7,prod,"769c23fd-12bf-42c1-b64e-a89d2d3d3108",java,4.74.0,17.0.13,3.2.1,,,
vp01,org_7,prod,"785a79ee-8aaf-455e-bebd-faf446c04344",java,4.74.0,17.0.13,3.2.1,,,
vp01,org_8,prod,"7f95d22b-4d6a-4f84-8110-1b0f80b3691a",java,4.74.0,17.0.13,2.7.4,,,
vp01,org_8,prod,"750860bf-60c5-48a5-88c0-13db847a7326",java,4.70.0,11.0.23,2.2.6.RELEASE,,,
vp01,org_8,prod,"17e99fc8-c278-49e9-9574-96d24f80ec40",java,4.70.0,11.0.23,2.3.0.RELEASE,,,
vp01,org_8,prod,"a6128c67-7e36-4aae-8c23-f774c3a679a6",java,4.74.0,11.0.25,2.2.2.RELEASE,,,
vp01,org_8,prod,"6c9b697e-cb61-4c57-a1c7-7785c5513e7c",java,4.74.0,11.0.25,2.3.3.RELEASE,,,
vp01,org_8,prod,"4e0abfa5-77a0-4b88-9872-5dc56c45c387",java,4.72.0,11.0.24,2.2.6.RELEASE,,,
vp01,org_8,prod,"281b09a5-2ef6-4ca9-8d11-a3352b8225f2",java,4.74.0,21.0.5,3.2.4,,,
vp01,org_8,prod,"26fbb656-692a-4e1e-9584-6f1e871eb97a",java,4.74.0,11.0.25,2.5.5,,,
vp01,org_8,prod,"3d6bae47-e675-4ba9-9d40-8045cd3f4e24",java,4.73.0,11.0.24,2.5.3,,,
vp01,org_8,prod,"ca5e1ad8-363a-4415-8bd7-9df4d2a8088f",java,4.71.0,17.0.11,2.2.6.RELEASE,,,
vp01,org_8,prod,"521831af-6e64-46f9-9a69-71cc75905dd4",java,4.73.0,11.0.24,2.3.4.RELEASE,,,
vp01,org_8,prod,"48aaed3e-4d60-4325-8b79-17a8a59c1c24",java,4.74.0,17.0.13,2.7.4,,,
vp01,org_8,prod,"76c7e211-19de-44c4-ae48-ead7b74a0aa8",java,4.70.0,11.0.23,2.3.10.RELEASE,,,
vp01,org_8,prod,"67a7752d-737b-47e8-8bf9-65fa18980b95",java,4.73.0,17.0.12,2.7.4,,,
vp01,org_8,prod,"97e6842a-8ae6-46f8-b400-e94ff15be9a5",java,4.73.0,11.0.24,2.3.3.RELEASE,,,
vp01,org_8,prod,"05dd6512-afe5-4d6c-ad0f-4f39b5858e33",java,4.70.0,11.0.23,2.2.6.RELEASE,,,
vp01,org_8,prod,"4dcfab2d-82aa-4d66-ad42-4fb20ed53faf",java,4.73.0,11.0.24,2.1.6.RELEASE,,,
vp01,org_8,prod,"dde488e6-20e2-4142-965b-36e21613ac13",java,4.73.0,11.0.24,2.2.6.RELEASE,,,
vp01,org_8,prod,"40f4228b-2490-4ee0-b7d9-efe894637be9",nodejs,1.8.29,,,,,
vp01,org_8,prod,"5a6f74c2-145f-4db6-934a-c368d5730818",binary,1.0.40,,,,,
vp01,org_8,prod,"891992ff-7e19-42e5-bc9e-e7994d41af67",binary,1.0.40,,,,,
vp01,org_8,prod,"a5345214-173b-454b-bf56-37bed80ee2bd",binary,1.0.36,,,,,
vp01,org_8,prod,"be3996cf-e521-45f9-b933-81affff64bee",binary,1.0.36,,,,,
vp01,org_8,prod,"84c6204d-6b3b-45f4-aef0-5ee7c2cca3d2",java,4.37,11.0.10,2.1.1.RELEASE,,,
vp01,org_8,prod,"85cc5c94-b278-49c8-a0f3-6e9397b22e37",java,4.74.0,17.0.13,2.7.4,,,
vp01,org_8,prod,"3c59988a-b613-4794-a1b8-bbe1bba5386c",java,4.70.0,11.0.23,2.3.10.RELEASE,,,
vp01,org_8,prod,"8e0a5c90-f093-4b6a-a3fd-e8e5226ebb81",java,4.73.0,21.0.4,3.2.3,,,
vp01,org_8,prod,"fb3820ee-69b4-455a-ad8b-69c504f0cc36",java,4.73.0,11.0.24,2.2.6.RELEASE,,,
vp01,org_8,prod,"95345aff-4187-49f0-b402-77554b86b0bc",java,4.73.0,17.0.12,2.5.5,,,
vp01,org_8,prod,"4cbd5812-bbaf-4b7c-848a-89470b840b1d",java,4.74.0,11.0.25,2.6.2,,,
vp01,org_8,prod,"20bd489f-48e1-4d7a-b6bc-ff180e36ac8b",java,4.72.0,21.0.4,3.2.6,,,
vp01,org_8,prod,"87b56c4e-ea59-430c-a01f-21b0a93bb5a8",java,4.70.0,11.0.23,2.2.6.RELEASE,,,
vp01,org_8,prod,"77ae6212-bed7-4a6e-aa30-921acb2d9197",java,4.73.0,11.0.24,2.3.4.RELEASE,,,
vp01,org_8,prod,"a3f2bfda-11a2-458f-a707-5f5c1b06fe5b",java,4.73.0,11.0.24,2.2.2.RELEASE,,,
vp01,org_8,prod,"42b37c9e-c6bf-41f5-be67-141ed95ed312",java,4.74.0,21.0.5,3.3.0,,,
vp01,org_8,prod,"d1a8306e-11f3-4215-9ef7-513347236db6",java,4.73.0,11.0.24,2.2.6.RELEASE,,,
vp01,org_8,prod,"723974a1-8b7a-4f17-b1d8-b6374c56d192",java,4.66.0,11.0.22,2.3.4.RELEASE,,,
vp01,org_8,prod,"3e4ebe19-3980-400d-b565-fc6c3b77572a",java,4.73.0,17.0.12,2.5.5,,,
vp01,org_8,prod,"e2d32eaa-e6b9-4307-af19-3fc3c12465e5",java,4.73.0,1.8.0_422,2.5.5,,,
vp01,org_8,prod,"cd118d97-76a3-4663-945e-8ae9a4a081c6",java,4.72.0,11.0.24,2.6.5,,,
vp01,org_8,prod,"5d0f04c6-94fb-4f61-af8e-43d426a294ff",java,4.74.0,11.0.25,2.2.6.RELEASE,,,
vp01,org_8,prod,"f346ec6d-ce81-40c0-8a6c-fe68510bd875",java,4.73.0,21.0.4,3.1.5,,,
vp01,org_8,prod,"6e29b333-1459-4ae0-adf9-732c81bc709f",binary,1.0.40,,,,,
vp01,org_8,prod,"2f3a3254-abed-4715-84e3-e7d572d00723",binary,1.0.42,,,,,
vp01,org_8,prod,"293ac48c-21b5-4529-bff9-5d22fcb78ca3",binary,1.0.36,,,,,
vp01,org_8,prod,"ef85289f-b96a-4f48-96d0-4be17655c91d",binary,1.0.36,,,,,
vp01,org_8,prod,"300c41ad-db54-452b-be51-cd4726290cd6",binary,1.0.36,,,,,
vp01,org_8,prod,"f7fb912f-1086-4189-8bfb-c32ea0ec1a02",java,4.41,1.8.0_302,2.1.6.RELEASE,,,
vp01,org_8,prod,"9ce5ac7c-8100-4417-a1cb-ce9f813cd8a1",binary,1.0.40,,,,,
vp01,org_9,iso,"7a6d2098-21a8-4f94-a8f5-b310e395b4b6",java,4.66.0,1.8.0_402,2.2.2.RELEASE,,,
vp01,org_9,iso,"83ca31b7-0060-4bd0-942f-d0d91de82aa2",java,4.74.0,17.0.13,2.2.2.RELEASE,,,
vp01,org_9,iso,"89d388fc-7c66-45fd-a3cd-1ab9b2e43b87",binary,1.0.36,,,,,
vp01,org_9,prod,"50afcf6a-315a-48ea-b3db-79ed9f3351e5",java,4.60.0,17.0.7,2.6.2,,,
vp01,org_9,prod,"ae64f759-f92c-43f5-a389-fdca427d53d4",java,4.73.0,1.8.0_422,2.3.4.RELEASE,,,
vp01,org_9,prod,"e45d3015-f362-4127-8804-2de07dffd043",java,4.72.0,17.0.12,2.5.5,,,
vp01,org_9,prod,"753c367a-a2a7-45d0-9498-1f6e67aea951",java,4.66.0,17.0.10,2.5.5,,,
vp01,org_10,iso,"8e2c0aa5-8cf3-4896-a122-a1b3ebba1e69",dotnet-core,8.0.303,net6.0,,,,
vp01,org_10,iso,"8e5e4890-0585-4e81-9d4f-2cc9ba57dc97",java,4.63.0,11.0.21,2.2.2.RELEASE,,,
vp01,org_10,iso,"66d7b2da-0a09-43b4-bd5e-ddc39e44f792",java,4.63.0,11.0.21,2.2.2.RELEASE,,,
vp01,org_10,prod,"603251f9-42f2-4b66-906c-f603e8db3029",dotnet-core,6.0.420,netcoreapp2.1,,,,
vp01,org_10,prod,"caff018f-4a12-41eb-aa6f-aa83303596ef",staticfile,1.5.2,,,,,
vp01,org_11,iso,"dbda0858-9fe3-449a-a629-9364a306ed80",java,4.67.1,1.8.0_402,2.3.1.RELEASE,,,
vp01,org_11,iso,"7d28355c-55ea-48ec-b51b-f30f44c53831",java,4.67.1,1.8.0_402,2.3.1.RELEASE,,,
vp01,org_12,prod,"87a384ea-ef4f-4f9d-b819-c6482480b409",java,4.47,11.0.13,2.1.9.RELEASE,,,
vp01,org_13,prod,"eb44310c-861c-47b6-b5e0-53dfcad85cb1",binary,1.1.7,,,,,
vp01,org_14,prod,"bff2e16d-d243-4240-8614-ce8c4c07ff44",java,4.55,11.0.18,2.4.1,,,
vp01,org_14,prod,"df338f6e-f553-492c-95d2-4d285349b009",staticfile,1.6.0,,,,,
vp01,org_14,prod,"710738f3-037e-4a50-81ae-4b25d83379af",java,4.49,11.0.15,2.4.4,,,
vp01,org_15,prod,"be7419cd-1730-42ea-82eb-f6af3c7d9a98",java,4.72.0,17.0.12,3.3.2,,,
vp01,org_15,prod,"57f8b716-5113-4da2-b241-e25e9e4a6cf7",java,4.72.0,11.0.24,2.1.6.RELEASE,,,
vp01,org_15,prod,"272912f3-bba0-4144-b5a8-556354841391",staticfile,1.5.3,,,,,
vp01,org_15,prod,"55839e9a-9827-44d0-b81e-d48a037a57a4",java,4.71.0,11.0.23,2.7.5,,,
vp01,org_16,iso,"bda0cff6-7aba-46da-a6aa-e8219c258fb5",dotnet-core,3.1.410,netcoreapp3.1,,,,
vp01,org_16,prod,"06804b47-c17a-4502-9153-66e98df1b22e",binary,1.1.12,,,,,
vp01,org_17,prod,"40ad99e1-a669-47d9-bdde-63e7222e7369",nodejs,1.8.23,18,,,,
vp01,org_18,prod,"1c8b580a-96e4-4454-940e-9ecd7d179e08",dotnet-core,3.1.404,netcoreapp3.1,,,,
vp01,org_18,prod,"f71c22ad-1d3e-40a0-a609-a962d3704b2f",dotnet-core,3.1.411,netcoreapp3.1,,,,
vp01,org_18,prod,"a22a8f27-2b86-4712-a68d-67bf5fb65f07",dotnet-core,3.1.402,netcoreapp3.1,,,,
vp01,org_19,prod,"c9577ed3-2bee-4d2a-bec1-3ee2c037b709",java,4.52,1.8.0_345,2.2.0.RELEASE,,,
vp01,org_19,prod,"1bfaf9be-49c7-481a-b469-d0bc816cbf5b",,,,,,,
vp01,org_19,prod,"fbde6e5e-e5a8-462e-a998-98912a7822a2",,,,,,,
vp01,org_19,prod,"f9a770c3-2686-4b6c-81d1-d144df5b0935",java,4.32.1,1.8.0_265,2.2.0.RELEASE,,,
vp01,org_20,iso,"73fdb1b6-d186-4a41-bc5f-fb5a53d3ee2c",java,4.66.0,17.0.10,2.7.8,,,
vp01,org_20,iso,"724789d4-f58f-4593-8d35-dd8161d06fb3",java,4.66.0,17.0.10,2.7.8,,,
vp01,org_20,iso,"b3145819-bbbd-4c8f-8742-99f1dc3b4636",java,4.66.0,17.0.10,2.7.8,,,
vp01,org_20,iso,"1789de30-d8fa-4f8d-8821-b9d3cc6960c7",java,4.71.0,17.0.11,2.7.8,,,
vp01,org_20,iso,"228ccd3e-aa56-405c-a803-ce71b0486572",java,4.71.0,17.0.11,2.7.8,,,
vp01,org_20,iso,"56ff12d2-4c1e-47bc-a157-5c2eebf136e6",java,4.72.0,17.0.12,2.7.8,,,
vp01,org_20,prod,"609981cb-0e91-49a0-a594-c82a955f69e0",staticfile,1.6.17,,,,,
vp01,org_20,prod,"15247887-b6b0-44ab-90a6-4b6b4378086e",dotnet-core,8.0.403,net8.0,,,,
vp01,org_20,prod,"7ca1cb41-79ee-4fb2-8272-9b0831d0856d",dotnet-core,8.0.302,net8.0,,,,
vp01,org_20,prod,"92345884-7d50-4748-b3d5-f9f15da8e475",dotnet-core,8.0.401,net8.0,,,,
vp01,org_21,iso,"5f9ce006-f8f8-4ee6-aec9-e247c03c09f0",nginx,1.2.20,,,,,
vp01,org_21,iso,"26dc9bef-c49c-459e-bef5-da310c1f8e91",nginx,1.2.19,,,,,
vp01,org_21,iso,"b75c05f5-02e4-47ed-b2cd-ff6f298d4a5d",dotnet-core,8.0.303,netcoreapp3.1,,,,
vp01,org_21,iso,"c721bde9-e5dd-4a87-bccd-d51a7307f100",dotnet-core,8.0.303,net6.0,,,,
vp01,org_21,prod,"7252fc27-4b8e-4dfa-83c1-e350e7911231",dotnet-core,6.0.401,netcoreapp3.1,,,,
vp01,org_21,prod,"de6f8bbb-293d-4bfc-994d-921a711eaa27",dotnet-core,2.2.402,netcoreapp2.2,,,,
vp01,org_21,prod,"eb1c70a1-d5ca-4e5c-8b1e-1107a847999e",dotnet-core,8.0.303,netcoreapp3.1,,,,
vp01,org_21,prod,"c8c2512c-9241-4eec-a00d-3bb17a459b80",dotnet-core,6.0.420,netcoreapp3.1,,,,
vp01,org_21,prod,"e3870002-5d98-4bd4-b22e-28883a572c6f",dotnet-core,6.0.420,netcoreapp3.1,,,,
vp01,org_21,prod,"1a6a99f2-1ac9-405e-9efe-2fb4092ec880",dotnet-core,6.0.300,netcoreapp2.2,,,,
vp01,org_21,prod,"1343a127-e6ce-48d6-b29f-5af2f2d45824",nginx,1.2.17,,,,,
vp01,org_21,prod,"142b2fea-07d4-48dd-902a-9a4aafab1de9",dotnet-core,6.0.402,netcoreapp3.1,,,,
vp01,org_21,prod,"a18c245e-53e8-40b5-a56b-b7ebc93d219f",dotnet-core,6.0.405,netcoreapp3.1,,,,
vp01,org_21,prod,"1efc2f53-7aed-4e91-aa7b-dd75694d05fa",nginx,1.2.12,,,,,
vp01,org_21,prod,"d64f379a-24f9-42f2-a27d-b0ec5afa3481",nginx,1.2.16,,,,,
vp01,org_22,iso,"b33c3235-9d95-497c-801f-4a38eaffa142",dotnet-core,8.0.303,net6.0,,,,
vp01,org_22,prod,"c720be5c-d2be-4fdc-8ce4-6cce92d6de56",dotnet-core,2.2.402,netcoreapp2.2,,,,
vp01,org_23,prod,"859b7b6b-6152-4516-80ad-3e5e01b40017",dotnet-core,3.1.201,netcoreapp2.1,,,,
vp01,org_24,iso,"21b9ef31-bfe0-41af-8e4e-def266f056bf",dotnet-core,6.0.301,net6.0,,,,
vp01,org_24,iso,"25accf97-9c0b-4703-9e16-93ede17b2afd",dotnet-core,6.0.301,net6.0,,,,
vp01,org_24,iso,"3d60082d-dd7a-464c-b1ef-00236031bc59",dotnet-core,8.0.302,net8.0,,,,
vp01,org_24,iso,"8175f7bd-d478-4a4b-a59a-ac8f3d06d215",dotnet-core,6.0.411,net6.0,,,,
vp01,org_24,iso,"21f55b09-755f-4b34-ab66-34c252e20fdf",dotnet-core,6.0.401,netcoreapp3.1,,,,
vp01,org_24,iso,"e924c7d4-91be-4350-b192-0d1d1d6daf5c",dotnet-core,8.0.302,net8.0,,,,
vp01,org_24,iso,"21297f18-dc02-469d-b1ed-7d22fe94b2d7",dotnet-core,8.0.302,net8.0,,,,
vp01,org_24,iso,"a6184c31-334d-40d7-a99e-e520b1f9bc04",nginx,1.2.10,,,,,
vp01,org_24,iso,"29d143fa-94e6-4ab4-8b01-6e10d1278a4e",nginx,1.2.10,,,,,
vp01,org_24,iso,"0b8385a3-e271-4af1-9315-8cbc42cc8065",dotnet-core,8.0.302,net8.0,,,,
vp01,org_24,iso,"340f2f77-e729-46d9-9166-0df8828473c3",dotnet-core,6.0.407,netcoreapp3.1,,,,
vp01,org_24,iso,"68bd3d9f-0768-415c-9e7a-62d8c34cdf46",dotnet-core,3.1.405,netcoreapp3.1,,,,
vp01,org_24,iso,"c5941c4f-7cb7-45e5-9bb1-357ddf579d84",java,4.72.0,11.0.24,2.2.2.RELEASE,,,
vp01,org_24,iso,"2bf4edf8-c809-4799-b33f-2e2b23c86143",dotnet-core,8.0.401,net8.0,,,,
vp01,org_24,iso,"a55943a1-05d5-4721-a760-6b4219b8bb7c",java,4.73.0,1.8.0_422,2.3.4.RELEASE,,,
vp01,org_24,iso,"7a9de556-2b0e-45b2-9208-a01a2811513d",java,4.48.2,1.8.0_322,2.2.6.RELEASE,,,
vp01,org_24,iso,"8ad19789-4328-4244-9948-6a192a73fc35",dotnet-core,8.0.401,net8.0,,,,
vp01,org_24,iso,"bbae241b-bfd5-4250-a56b-b79489c11b45",dotnet-core,8.0.401,net8.0,,,,
vp01,org_24,prod,"8b176923-a04a-40ea-bcfb-723eda823bcf",dotnet-core,8.0.302,net8.0,,,,
vp01,org_24,prod,"b2c382f4-9409-45e3-8b42-45b8d69ebab6",binary,1.0.36,,,,,
vp01,org_24,prod,"73824c40-84cf-4c44-95b1-3d9139bd84f8",binary,1.0.36,,,,,
vp01,org_24,prod,"473a43c6-d04f-4ab7-b627-b35fe1694b23",dotnet-core,8.0.401,net8.0,,,,
vp01,org_25,prod,"838fcd10-24bb-43cb-a773-977294faf45b",binary,1.1.5,,,,,
vp01,org_25,prod,"51f15cce-f663-4d54-bbc1-cf1899944a5d",java,4.60.0,1.8.0_372,2.2.1.RELEASE,,,
vp01,org_25,prod,"cfe98d91-b99d-4509-b838-f27b00488230",java,4.59.0,11.0.19,2.3.9.RELEASE,,,
vp01,org_25,prod,"11816994-543c-475b-bb4d-55302646f0c8",java,4.73.0,11.0.24,2.3.6.RELEASE,,,
vp01,org_25,prod,"e560c0c3-c204-49bb-b295-79ccc931f667",java,4.59.0,11.0.19,2.2.1.RELEASE,,,
vp01,org_25,prod,"1db6ca1c-1167-45d7-af9f-8af9514bd5c0",java,4.59.0,11.0.19,2.2.2.RELEASE,,,
vp01,org_25,prod,"36740814-688e-47e2-8067-2d3cc3e02e99",java,4.70.0,11.0.23,2.6.1,,,
vp01,org_25,prod,"e9ef1de1-e2ee-4e83-9332-faeca025dc60",java,4.73.0,17.0.12,3.3.2,,,
vp01,org_25,prod,"aa5a5d97-da61-45e2-9beb-3d799f28c967",staticfile,1.6.5,,,,,
vp01,org_25,prod,"428bf195-feeb-49ab-a01d-4c3a145be1e6",java,4.72.0,17.0.12,3.3.4,,,
vp01,org_25,prod,"b96833e0-8a0a-4ee4-88bd-7b0129215fa1",java,4.74.0,11.0.25,2.7.18,,,
vp01,org_25,prod,"5f86369d-fe15-4be6-882b-3e5b0ed13149",binary,1.1.5,,,,,
vp01,org_25,prod,"bee33512-7960-4398-9ea6-d5a965fc615b",binary,1.1.5,,,,,
vp01,org_25,prod,"5d013b8d-d20b-4e22-977a-0dd657bfa5fb",binary,1.1.5,,,,,
vp01,org_25,prod,"f35c0938-d86e-4408-b35c-3369b3a2da2d",binary,1.1.5,,,,,
vp01,org_25,prod,"589fe2c3-2fcc-43af-9c21-33f21584ba98",binary,1.1.5,,,,,
vp01,org_25,prod,"20a209e2-22f5-4ab1-b0ac-5a05fad6be51",java,4.59.0,1.8.0_372,2.2.1.RELEASE,,,
vp01,org_25,prod,"aee4e572-f3d8-40fb-881c-0945582d795b",java,4.73.0,17.0.12,3.3.4,,,
vp01,org_25,prod,"74163619-7e81-44e3-a5ba-cd18c226db65",java,4.59.0,11.0.19,2.3.6.RELEASE,,,
vp01,org_25,prod,"d5729389-c799-463b-b1f9-80ee50daf7e0",java,4.59.0,11.0.19,2.2.2.RELEASE,,,
vp01,org_25,prod,"10ad4313-dd9e-4292-ba24-05965a7f5901",java,4.66.0,11.0.22,2.4.9,,,
vp01,org_25,prod,"3e610369-058d-4071-9cbd-27a4f084b7a5",java,4.67.1,11.0.22,2.3.6.RELEASE,,,
vp01,org_25,prod,"188c41e7-4de3-49e3-a2b8-9bf4167308dc",java,4.74.0,11.0.25,2.3.6.RELEASE,,,
vp01,org_25,prod,"6a9a8f23-d95b-440a-a735-93c844e426e3",java,4.63.1,11.0.21,2.3.6.RELEASE,,,
vp01,org_25,prod,"ade55dc9-e77f-4cf0-ad18-a195c6b78310",java,4.74.0,11.0.25,2.3.6.RELEASE,,,
vp01,org_25,prod,"d295face-2916-47d1-bb65-9904216242e7",java,4.72.0,11.0.24,2.3.6.RELEASE,,,
vp01,org_25,prod,"c8d4550a-07ac-4ba6-8d14-170649612e11",java,4.73.0,11.0.24,2.3.6.RELEASE,,,
vp01,org_25,prod,"bd756d08-3831-4a6a-ac01-c800b4d6c441",staticfile,1.6.7,,,,,
vp01,org_25,prod,"bb0c59f9-578e-4e4d-81fd-17a5409e3fa6",java,4.74.0,11.0.25,2.3.6.RELEASE,,,
vp01,org_25,prod,"d01963f1-1d8b-4cc9-9093-570c5b7fb896",java,4.59.0,11.0.19,2.2.1.RELEASE,,,
vp01,org_25,prod,"b0b165b9-58f8-4a6d-ad14-7223aeb6f901",java,4.67.1,11.0.22,2.6.3,,,
vp01,org_26,"14720be8-49e1-4918-b522-22ad684d7ecd","0b948007-e09e-422c-9e68-4e5265b9ab01",java,4.73.0,1.8.0_422,2.7.18,,,
vp01,org_26,"1dcd4d55-8a04-4478-aad6-1c837860f672","0b948007-e09e-422c-9e68-4e5265b9ab01",java,4.73.0,1.8.0_422,2.7.18,,,
vp01,org_26,"2c521767-bc7d-428d-b2a3-2e17c8dcdc8a","0b948007-e09e-422c-9e68-4e5265b9ab01",java,4.73.0,1.8.0_422,2.7.18,,,
vp01,org_26,"38b29316-6718-4a86-9eac-3dde635ae8eb","0b948007-e09e-422c-9e68-4e5265b9ab01",java,4.73.0,1.8.0_422,2.7.18,,,
vp01,org_26,"43146a1b-1364-474b-acbd-858317e01b95","abef758b-9cea-4b4e-933a-46c676279c83",java,4.73.0,1.8.0_422,2.7.18,,,
vp01,org_26,"48a42243-db4f-4cb6-8144-e90d0ab13a79","abef758b-9cea-4b4e-933a-46c676279c83",java,4.73.0,1.8.0_422,2.7.18,,,
vp01,org_26,"4ae7ce59-b0cc-4ae1-b526-fb1e52c55bf0","abef758b-9cea-4b4e-933a-46c676279c83",java,4.73.0,1.8.0_422,2.7.18,,,
vp01,org_26,"4c61969f-1437-45c0-a91e-c9432d7289f5","0b948007-e09e-422c-9e68-4e5265b9ab01",java,4.73.0,1.8.0_422,2.7.18,,,
vp01,org_26,"51995e1d-f5a9-4950-8263-92dcc8444c0b","0b948007-e09e-422c-9e68-4e5265b9ab01",java,4.73.0,1.8.0_422,2.7.18,,,
vp01,org_26,"64254674-a398-4cde-afee-dc8bafb65e49","0b948007-e09e-422c-9e68-4e5265b9ab01",java,4.73.0,1.8.0_422,2.7.18,,,
vp01,org_26,"6adf05b4-d337-43a3-9a1a-87f613d681da","0b948007-e09e-422c-9e68-4e5265b9ab01",java,4.73.0,1.8.0_422,2.7.18,,,
vp01,org_26,"85c2a2cb-02a4-4ba1-85c3-e40b8bacf27b","0b948007-e09e-422c-9e68-4e5265b9ab01",java,4.73.0,1.8.0_422,2.7.18,,,
vp01,org_26,"a38997c5-0857-4f62-bcd9-e3c9da18ade6","0b948007-e09e-422c-9e68-4e5265b9ab01",java,4.73.0,1.8.0_422,2.7.18,,,
vp01,org_26,"a4604931-0adc-4671-8cfe-c1f278caa98d","0b948007-e09e-422c-9e68-4e5265b9ab01",java,4.73.0,1.8.0_422,2.7.18,,,
vp01,org_26,"a53088cd-3733-4b6b-9cee-c6dce91bc7f2","0b948007-e09e-422c-9e68-4e5265b9ab01",java,4.73.0,1.8.0_422,2.7.18,,,
vp01,org_26,"b536dfad-f985-4779-b19b-e1fa26025dc3","0b948007-e09e-422c-9e68-4e5265b9ab01",java,4.73.0,1.8.0_422,2.7.18,,,
vp01,org_26,"bcba5b23-0d3e-460e-bde6-70d5a2339a78","0b948007-e09e-422c-9e68-4e5265b9ab01",java,4.73.0,1.8.0_422,2.7.18,,,
vp01,org_26,"dcf5566c-f064-497c-945a-b0b7bfd5f600","0b948007-e09e-422c-9e68-4e5265b9ab01",java,4.73.0,1.8.0_422,2.7.18,,,
vp01,org_26,"ddddb042-ae4e-4d82-a1fb-30e700434725","abef758b-9cea-4b4e-933a-46c676279c83",java,4.73.0,1.8.0_422,2.7.18,,,
vp01,org_26,"f781362b-82c6-45db-ad48-4730774c28d9","0b948007-e09e-422c-9e68-4e5265b9ab01",java,4.73.0,1.8.0_422,2.7.18,,,
vp01,org_27,iso-pci,"da339b4c-aa02-43df-8620-70eea7afef65",java,4.74.0,21.0.5,3.2.5,,,
vp01,org_27,iso-pci,"9291bc66-54d7-4fe1-8732-1685c7ba8348",java,4.73.0,21.0.4,3.2.5,,,
vp01,org_27,iso-pci,"9b20d307-d3ad-4d30-8721-5d7d0d2abed3",java,4.72.0,21.0.4,3.2.5,,,
vp01,org_27,iso-pci,"f0b45b43-1832-4cb6-b927-7bbb5727120c",java,4.67.1,11.0.22,2.2.7.RELEASE,,,
vp01,org_27,iso-pci,"da578980-0f94-42bf-89d0-cb7c8c702b87",java,4.74.0,21.0.5,3.2.5,,,
vp01,org_27,iso-pci,"d916ecd4-8ada-4f2d-9118-eea147f7e0ff",java,4.65.0,11.0.21,2.3.1.RELEASE,,,
vp01,org_27,iso-pci,"e46af9ac-a3b6-4c5e-ab45-5d9fbc2179d8",java,4.74.0,21.0.5,3.2.5,,,
vp01,org_27,iso-pci,"1040658a-1a79-4161-b0fe-8a7dd1fe9c23",java,4.74.0,21.0.5,3.2.5,,,
vp01,org_27,iso-pci,"39b73366-1eef-41ae-ac54-22424b57fdef",java,4.62.0,11.0.20,2.3.9.RELEASE,,,
vp01,org_27,iso-pci,"d49cd32a-9ca9-4327-b4c8-e606c838f042",java,4.72.0,21.0.4,3.2.5,,,
vp01,org_27,iso-pci,"58338649-44e4-4baa-8896-5b13c92d02d0",java,4.74.0,21.0.5,3.2.5,,,
vp01,org_27,iso-pci,"48b1ea7e-ae7d-4e5d-9330-2051095896d9",java,4.72.0,11.0.24,2.3.9.RELEASE,,,
vp01,org_27,iso-pci,"c1f71647-64d3-4e29-85f7-c5bbde732502",java,4.74.0,21.0.5,3.2.5,,,
vp01,org_27,iso-pci,"0eb01c16-a17a-4e15-95d2-657a4a324112",java,4.72.0,21.0.4,3.2.5,,,
vp01,org_27,iso-pci,"ae692036-6a4a-4fb8-b2ae-614095880732",java,4.72.0,21.0.4,3.2.5,,,
vp01,org_27,iso-pci,"98a7e390-d426-4a2f-9835-45faaf69b63e",java,4.72.0,21.0.4,3.2.5,,,
vp01,org_27,iso-pci,"1ff72e45-c1be-49ab-8544-3ff670cbc267",java,4.72.0,21.0.4,3.2.5,,,
vp01,org_27,prod,"c4b59d90-d4db-4971-82fe-c00dddd35e0d",java,4.73.0,17.0.12,3.0.10,,,
vp01,org_28,prod,"d25e878d-b727-4b5c-b20d-7c44c5b00772",java,4.67.1,1.8.0_402,2.2.2.RELEASE,,,
vp01,org_28,prod,"7533d512-8028-4df3-9506-3750219a9daf",java,4.60.0,1.8.0_372,2.2.2.RELEASE,,,
vp01,org_28,prod,"3a5c4355-3f7d-4a19-9d91-c6a2f29626ab",java,4.59.0,1.8.0_372,2.4.1,,,
vp01,org_28,prod,"9864a32f-f110-4e5e-956a-7fb9858497a2",java,4.72.0,1.8.0_422,2.2.2.RELEASE,,,
vp01,org_28,prod,"5d10fefd-3513-4267-8b58-4348d650bd2e",java,4.67.1,1.8.0_402,2.2.2.RELEASE,,,
vp01,org_28,prod,"85e86f7d-68d9-4504-bd1b-7c9ba34fa9bd",java,4.67.1,1.8.0_402,2.2.2.RELEASE,,,
vp01,org_28,prod,"f383cca7-e4c6-4929-88e1-dcc6394f0ceb",java,4.72.0,1.8.0_422,2.2.2.RELEASE,,,
vp01,org_28,prod,"0fad38da-c68a-4e3b-a982-924c4174498b",java,4.72.0,1.8.0_422,2.3.8.RELEASE,,,
vp01,org_28,prod,"c01993ca-33e0-49c0-bd93-1eb23d64436c",java,4.67.1,1.8.0_402,2.2.2.RELEASE,,,
vp01,org_28,prod,"d16ea718-f3ba-4ec5-9c67-9649cc726829",staticfile,1.6.15,,,,,
vp01,org_28,prod,"3471ce81-212a-47a8-b197-39fc9192b70e",staticfile,1.6.4,,,,,
vp01,org_28,prod,"c7fce4f5-7c95-4b22-a999-507fcc3d68e6",java,4.67.1,1.8.0_402,2.2.2.RELEASE,,,
vp01,org_28,prod,"f49407dd-1727-4ccd-906d-58a8931046dc",java,4.67.1,1.8.0_402,2.2.2.RELEASE,,,
vp01,org_28,prod,"17bba520-282d-4c07-963c-52d4eeb97dfb",java,4.67.1,1.8.0_402,2.2.2.RELEASE,,,
vp01,org_28,prod,"237e3dd2-04a5-4313-9055-9f1e9754da88",java,4.67.1,1.8.0_402,2.2.2.RELEASE,,,
vp01,org_28,prod,"44dc1aa0-e09d-47f7-9183-14466295ed87",java,4.67.1,1.8.0_402,2.2.2.RELEASE,,,
vp01,org_28,prod,"1bc7469d-d8d6-4ba4-aea0-437f2383f9b5",,,,,,,
vp01,org_28,prod,"eb52f3d7-6fa0-4d9a-aeb1-83638a691f1b",java,4.59.0,1.8.0_372,2.2.2.RELEASE,,,
vp01,org_28,prod,"e433bb74-6026-4513-96df-55849bc28b7c",java,4.59.0,1.8.0_372,2.4.3,,,
vp01,org_28,prod,"c8a6568f-77d6-4ae8-9509-8f9fdee95dab",binary,1.0.36,,,,,
vp01,org_28,prod,"16174699-89ae-40dd-a142-ae059e8397f0",java,4.60.0,1.8.0_372,2.2.0.RELEASE,,,
vp01,org_28,prod,"ea321bc5-ede4-4925-a2f8-1a8ea96a1d27",,,,,,,
vp01,org_28,prod,"bde992ac-6e81-4c77-bfc4-9aec939be9a0",binary,1.0.36,,,,,
vp01,org_28,prod,"219c797d-f6c0-4cd0-bf8a-a829aa1db093",binary,1.0.36,,,,,
vp01,org_28,prod,"e29f6d65-832d-46dc-86c1-d60c34db3304",go,1.9.29,1.15.11,,,,
vp01,org_29,apps-pci,"ea56415e-cb91-41d8-8856-a63c4666b32b",java,4.19.1,,,,,
vp01,org_29,iso,"ea56415e-cb91-41d8-8856-a63c4666b32b",java,4.47,1.8.0_312,1.5.1.RELEASE,,,
vp01,org_29,iso-pci,"ea56415e-cb91-41d8-8856-a63c4666b32b",java,4.47,1.8.0_312,1.5.1.RELEASE,,,
vp01,org_29,prod,"020070cc-f83d-4435-84f3-955a9815abf6",go,1.9.36,1.16.8,,,,
vp01,org_29,prod,"e94d4d1a-b399-470b-b6a9-271f3ef8241e",nodejs,1.7.18,13,,,,
vp01,org_29,prod,"8081ff0e-cfc4-4c01-a53e-4edb6f6fbacf",go,1.9.9,1.13.9,,,,
vp01,org_29,prod,"0ee396d7-f779-40e3-a81e-5b24dd8a0055",java,4.74.0,17.0.13,3.1.5,,,
vp01,org_29,prod,"5fae56a0-9f84-4741-afd9-d99bdca89c8a",java,4.73.0,1.8.0_422,1.4.1.RELEASE,,,
vp01,org_29,prod,"ea56415e-cb91-41d8-8856-a63c4666b32b",java,4.47,1.8.0_312,1.5.1.RELEASE,,,
vp01,org_30,prod,"d604b8c5-779b-441b-bcea-221cd16cd23a",java,4.54,1.8.0_362,2.7.4,,,
vp01,org_31,iso,"3c2d0b6d-75be-4f41-b533-8e5ed165c01f",dotnet-core,6.0.420,net6.0,,,,
vp01,org_31,prod,"9161b087-aabe-4fe5-af19-3de3cd7aa724",staticfile,1.5.21,,,,,
vp01,org_31,prod,"34da24a9-9913-44f9-be47-3f93d4629bce",dotnet-core,6.0.405,net6.0,,,,
vp01,org_31,prod,"f359133b-f19b-4e2a-8039-9dbe1a02031c",dotnet-core,6.0.405,net6.0,,,,
vp01,org_31,prod,"604f1641-0008-4ec5-9475-255f17f1dc3c",staticfile,1.5.24,,,,,
vp01,org_31,prod,"ddadeba9-061b-4267-8a69-2bc908710986",dotnet-core,6.0.401,netcoreapp3.1,,,,
vp01,org_31,prod,"6dbee2a1-042d-4224-94f9-f859aa903b1a",dotnet-core,2.3.4,,,,,
vp01,org_31,prod,"df07866f-bc32-4662-bb65-0e5da7e3c4e8",staticfile,1.5.12,,,,,
vp01,org_31,prod,"ae468364-3c7c-4ac2-8994-7ca383c917c4",binary,1.0.41,,,,,
vp01,org_31,prod,"da484432-88b8-443a-838f-f52e273f635b",dotnet-core,8.0.302,net6.0,,,,
vp01,org_31,prod,"efdc697d-5ea3-4b38-b99f-3ad1c66995a8",dotnet-core,6.0.402,net6.0,,,,
vp01,org_31,prod,"8944b34d-9212-4406-97c5-e5a0b5aa82c5",java,4.67.0,17.0.10,3.2.1,,,
vp01,org_31,prod,"71c3d750-418c-4453-a1d1-2881b513bb81",java,4.66.0,17.0.10,3.2.1,,,
vp01,org_31,prod,"208abe17-69c6-45d1-af0b-f9d08265b9af",java,4.66.0,17.0.10,3.2.1,,,
vp01,org_31,prod,"4e05dab0-0166-4763-8e21-31aeeed8772f",java,4.67.1,17.0.10,3.2.4,,,
vp01,org_31,prod,"5615f71d-09eb-47bd-a508-fa5efb641271",java,4.70.0,17.0.11,3.2.4,,,
vp01,org_31,prod,"5f843d57-4d24-4ad0-8e97-5b428dd3282d",dotnet-core,6.0.420,net8.0,,,,
vp01,org_31,prod,"a9c37897-eb59-4c13-9c71-59566a9c18c5",dotnet-core,6.0.402,net6.0,,,,
vp01,org_31,prod,"85b89417-5b67-4ac9-b3ff-5afd8e6ec9e2",dotnet-core,6.0.406,net6.0,,,,
vp01,org_31,prod,"ef6abd81-344c-4a4c-9dbe-859c32c626ad",dotnet-core,2.1.805,netcoreapp2.1,,,,
vp01,org_31,prod,"00e070cf-02d3-4cb0-8a3e-39e35c8c2447",dotnet-core,3.1.407,netcoreapp3.1,,,,
vp01,org_31,prod,"c52e42ac-994f-45ae-8fbb-2744d3fd1949",dotnet-core,6.0.405,net6.0,,,,
vp01,org_32,prod,"901f6361-a17f-40a7-8a5f-b0076a05e321",dotnet-core,6.0.301,netcoreapp3.1,,,,
vp01,org_32,prod,"950f1177-430e-4d8b-bb13-066ebcad4348",staticfile,1.6.6,,,,,
vp01,org_32,prod,"d932dc85-d5f9-46c2-9acf-d0a970112427",python,1.7.56,3.8.13,,,,
vp01,org_32,prod,"a493616d-c04a-4c0a-88d0-fbee90e25b5a",binary,1.0.36,,,,,
vp01,org_32,prod,"756cd0d5-c452-41f9-9628-933efbb946f8",binary,1.0.36,,,,,
vp01,org_32,prod,"05129979-a449-4d98-9280-4c7a01414983",dotnet-core,6.0.301,netcoreapp2.2,,,,
vp01,org_33,prod,"b49e87e7-ae40-4cb7-989c-f1c9962660f5",dotnet-core,6.0.402,netcoreapp3.1,,,,
vp01,org_33,prod,"3cf0e485-24a6-464e-ac80-366f06faeeba",dotnet-core,6.0.414,net6.0,,,,
vp01,org_33,prod,"37ae621c-c614-4950-8f0e-d259022e5e47",dotnet-core,8.0.401,netcoreapp3.1,,,,
vp01,org_33,prod,"4e9c7e6b-bf3a-4134-8f55-b86787f61819",dotnet-core,6.0.402,netcoreapp3.1,,,,
vp01,org_33,prod,"4b40dc02-688b-4e41-883f-f4c2d9b635c4",dotnet-core,8.0.401,net6.0,,,,
vp01,org_33,prod,"7161771e-1f78-4bd5-a3b6-7c33d34ef24d",dotnet-core,6.0.402,netcoreapp3.1,,,,
vp01,org_33,prod,"8e7b296b-cd9b-49e2-8493-b6f74655db70",dotnet-core,6.0.402,netcoreapp3.1,,,,
vp01,org_34,prod,"0aba2f26-3a72-48db-9f4d-c7367ebb8f66",java,4.73.0,17.0.12,2.7.18,,,
vp01,org_35,prod,"6aee1d30-c7a5-48e1-b133-acd88fcccf4c",java,4.5,1.8.0_342,2.5.3,,,
vp01,org_35,prod,"bd35699f-789d-437c-b844-a7f070a6560f",java,4.66.0,1.8.0_402,2.5.5,,,
vp01,org_35,prod,"b02075b7-f4d4-4ff2-b516-a2bbaf3c2235",java,4.63.1,1.8.0_392,2.5.5,,,
vp01,org_35,prod,"726f0286-76e8-4835-8306-f9c2cbd634fa",java,4.66.0,1.8.0_402,2.5.5,,,
vp01,org_35,prod,"f24980e5-5257-49f3-a404-ac5851ccfd30",java,4.59.0,1.8.0_372,2.5.3,,,
vp01,org_35,prod,"96e47d03-04e2-4b04-8afc-eff9cebbd67c",java,4.63.1,1.8.0_392,2.5.3,,,
vp01,org_35,prod,"d5f6e1ca-d217-4a06-a0e4-a5229012ad10",binary,1.1.5,,,,,
vp01,org_36,prod,"e3400fbc-c241-43c6-9c01-f70874ad9a54",dotnet-core,6.0.420,netcoreapp3.1,,,,
vp01,org_37,prod,"c6d66815-c763-4d7b-a3d7-e858ced1ef59",dotnet-core,6.0.417,net6.0,,,,
vp01,org_38,prod,"94fc5c95-5ff7-4d80-addb-87db5c3632b6",dotnet-core,8.0.302,net6.0,,,,
vp01,org_38,prod,"7bf7815a-dcce-4b6b-a25d-1aa185044d64",dotnet-core,8.0.303,net8.0,,,,
vp01,org_38,prod,"d0410ee9-e19c-49e1-8853-fe8a4e5a75c3",dotnet-core,8.0.302,net6.0,,,,
vp01,org_38,prod,"9dc26709-3ae3-4e2d-8349-7a3a760d4387",dotnet-core,8.0.303,net6.0,,,,
vp01,org_38,prod,"e2dea10c-1202-4c97-b43b-aa786737c98a",dotnet-core,8.0.303,net6.0,,,,
vp01,org_38,prod,"2acf6508-d9ce-4b1b-b2e7-b8378331e5fe",dotnet-core,8.0.303,net6.0,,,,
vp01,org_38,prod,"48b136a1-aade-453a-a512-9089e90c1d2f",dotnet-core,8.0.301,net6.0,,,,
vp01,org_38,prod,"051b7796-db8d-4e72-9506-c611e6401051",dotnet-core,8.0.303,net6.0,,,,
vp01,org_38,prod,"09cd2151-4d93-4c25-815d-ec664cbec065",dotnet-core,6.0.417,net6.0,,,,
vp01,org_38,prod,"2f8737ca-380c-41c5-ab72-f98b020f5233",dotnet-core,8.0.303,net6.0,,,,
vp01,org_38,prod,"2a7b5b92-6abe-4cb0-aa81-52f70340523b",dotnet-core,8.0.301,net6.0,,,,
vp01,org_38,prod,"b3ee635b-d221-4ff5-9cf8-8c5d361f5dd9",dotnet-core,8.0.301,net6.0,,,,
vp01,org_38,prod,"e2b5d73e-7e39-4d73-8883-f4a7b412f5ff",dotnet-core,8.0.301,net6.0,,,,
vp01,org_38,prod,"669fa9a1-ae55-4859-8d0b-dbee4de51346",staticfile,1.5.31,,,,,
vp01,org_38,prod,"de2182fc-938a-4e22-9d46-d7f7ab37d1ec",dotnet-core,8.0.301,net6.0,,,,
vp01,org_38,prod,"3c446896-7568-4943-a990-94767b2ea293",dotnet-core,8.0.301,net6.0,,,,
vp01,org_38,prod,"51675ad0-6c65-429a-8de4-6de6935210f1",staticfile,1.6.11,,,,,
vp01,org_38,prod,"4f252344-71d9-4bc6-a042-81c93e05af75",dotnet-core,8.0.303,net6.0,,,,
vp01,org_39,prod,"9bb310a5-e7f6-491e-bd89-748c9c3cded1",dotnet-core,8.0.401,net8.0,,,,
vp01,org_39,prod,"b2166317-24a9-4eee-b06d-4ec066fef74c",nodejs,1.7.59,,,,,
vp01,org_39,prod,"c405b334-f949-4d4f-8090-0a71f4ae51a8",nodejs,1.8.2,,,,,
vp01,org_39,prod,"d0e48b16-75d0-4748-afe5-a0b8c63675ab",staticfile,1.5.15,,,,,
vp01,org_40,app-metrics-v2,"16ed1b47-59b6-490e-8723-a1092ac6451a",java,4.73.0,11.0.24,,,,
vp01,org_40,autoscaling,"4560ff2e-6e02-4851-922a-c06a8519d358",binary,1.1.10,,,,,
vp01,org_40,autoscaling,"0c12751f-1164-4ee1-aa81-160360882e1e",java,4.73.0,17.0.12,3.2.3,,,
vp01,org_40,nfs,"3767c4d9-2437-4976-a0d0-9b8c23049acf",binary,1.0.27,,,,,
vp01,org_40,notifications-with-ui,"35f97e48-ab24-42c8-bd22-1b1f0994189a",go,1.9.9,1.14.1,,,,
vp01,org_40,notifications-with-ui,"91267ee5-d344-46b1-981c-d5005eff79c9",binary,1.0.36,,,,,
vp01,org_40,pivotal-services,"fb42780c-18bc-43e6-9aa1-8f5955d32b4d",ruby,1.10.18,,,,,
vp01,org_40,pivotal-services,"e630af7d-4c27-4e23-803f-4d4fb9c64c5c",ruby,1.10.18,,,,,
vp01,org_40,pivotal-services,"9e602122-7dce-4092-8c13-7b388529f57a",ruby,1.10.18,,,,,
vp01,org_40,pivotal-services,"dfc41bd4-62fe-47d5-b1b6-e9356097b960",ruby,1.10.18,,,,,
vp01,org_40,pivotal-services,"5c1647f8-67ac-435a-b90b-fa80107ff684",ruby,1.10.18,,,,,
vp01,org_40,pivotal-services,"255ec835-c9b8-4071-8473-a078aaba1282",ruby,1.10.18,,,,,
vp01,org_40,scheduler,"1cbc6b99-881c-4dec-9b7e-eeed7ab60196",java,4.73.0,17.0.12,3.2.3,,,
vp01,org_40,scheduler,"fcb67b3c-1dc7-4bd6-a86e-0377c2e87554",binary,1.1.10,,,,,
vp01,org_40,smb,"153089e4-436e-4d14-9094-71e248567172",binary,1.0.36,,,,,
vp01,org_40,system,"734b7d0b-dfe5-4494-b1a3-45ec6f1dc94f",java,4.73.0,17.0.12,2.7.5,,,
vp01,org_40,system,"3392d8cc-f86a-4247-afaa-fffb49bb3fc5",ruby,1.10.18,,,,,
vp01,org_40,system,"dcb73393-ea1a-4427-9502-195636a37ef6",ruby,1.10.18,,,,,
vp01,org_40,system,"38f6193f-8630-45d0-9440-f619722dc063",ruby,1.10.18,,,,,
vp01,org_40,system,"4fb613e9-a6da-49ce-832a-8cb6202f8944",staticfile,1.10.18,,,,,
vp01,org_40,system,"b0553a76-89eb-4d0c-81a3-8f6eacde483b",nodejs,1.8.29,20,,,,
vp01,org_40,system,"69bf799b-889e-4011-b2bc-2153c571b542",nodejs,1.8.29,20,,,,
vp01,org_40,system,"f60606c6-b5ac-42ff-a74f-e6fc8bd06b7e",nodejs,1.8.29,1618,,,,
vp01,org_41,prod,"0b924c4d-a58d-4c58-bfe6-5ced2c7b9254",dotnet-core,6.0.402,netcoreapp3.1,,,,
vp01,org_41,prod,"1e198336-48bc-47ee-8d20-c2579e866ff6",dotnet-core,6.0.402,netcoreapp3.1,,,,
vp01,org_41,prod,"ab4fdce9-1df4-4e21-bd5c-ac2f94dfafbb",nginx,1.2.0,,,,,
vp01,org_41,prod,"ea80a9a0-a4d0-4dbc-a3b9-a01c4f3938ee",nginx,1.1.34,,,,,
vp01,org_42,prod,"03ff0c91-75d2-4738-ac8a-90c5983e6341",java,4.72.0,21.0.4,3.2.4,,,
vp01,org_42,prod,"ab49ffe8-9002-4c0d-b902-df7d90c7b22e",java,4.72.0,21.0.4,3.2.4,,,
vp01,org_42,prod,"28a22045-2957-4d18-b866-0e41288c0ac8",java,4.73.0,21.0.4,3.2.4,,,
vp01,org_42,prod,"c1e5912e-d2f4-4849-8909-1ee4f95a0dee",java,4.73.0,21.0.4,3.2.4,,,
